source_path	revision	manifest_sha	generated_urls	lane	decision	evidence
service-workers/cache-storage/cache-abort.https.any.js	04067ce9c7c2165e71ad7d0dde10a4c5cb394a83	99f29b0a08bae82f4be0c0dee98ce5b31a941a48	4	gated	gated-initial-inventory	2026-08-19-m0-wpt-case-inventory.tsv
service-workers/cache-storage/cache-add.https.any.js	04067ce9c7c2165e71ad7d0dde10a4c5cb394a83	c4846eaae40afa38d9bf000169a4917d45a6df81	4	gated	gated-initial-inventory	2026-08-19-m0-wpt-case-inventory.tsv
service-workers/cache-storage/cache-api-nested-worker.https.html	04067ce9c7c2165e71ad7d0dde10a4c5cb394a83	769200f66aa377840ba9c827d374c9cfaff7ec60	1	gated	gated-initial-inventory	2026-08-19-m0-wpt-case-inventory.tsv
service-workers/cache-storage/cache-delete.https.any.js	04067ce9c7c2165e71ad7d0dde10a4c5cb394a83	3eae2b6a08b7954a6a5e644b8248f6ebab562a83	4	gated	gated-initial-inventory	2026-08-19-m0-wpt-case-inventory.tsv
service-workers/cache-storage/cache-keys-attributes-for-service-worker.https.html	04067ce9c7c2165e71ad7d0dde10a4c5cb394a83	3c96348e0e033cf0b0a14b1f025b70d787febb35	1	gated	gated-initial-inventory	2026-08-19-m0-wpt-case-inventory.tsv
service-workers/cache-storage/cache-keys.https.any.js	04067ce9c7c2165e71ad7d0dde10a4c5cb394a83	232fb760d4080a02051ba5cf5e8d2964771fda9a	4	gated	gated-initial-inventory	2026-08-19-m0-wpt-case-inventory.tsv
service-workers/cache-storage/cache-match.https.any.js	04067ce9c7c2165e71ad7d0dde10a4c5cb394a83	9ca45903cbb101810488ced4b31bb9f34957b1ef	4	gated	gated-initial-inventory	2026-08-19-m0-wpt-case-inventory.tsv
service-workers/cache-storage/cache-matchAll.https.any.js	04067ce9c7c2165e71ad7d0dde10a4c5cb394a83	93c55178918c333df25104e69ca74af5dbf04be9	4	gated	gated-initial-inventory	2026-08-19-m0-wpt-case-inventory.tsv
service-workers/cache-storage/cache-put.https.any.js	04067ce9c7c2165e71ad7d0dde10a4c5cb394a83	dbf2650a75a5ff051f222ccb736b14f65d98f1b9	4	gated	gated-initial-inventory	2026-08-19-m0-wpt-case-inventory.tsv
service-workers/cache-storage/cache-storage-buckets.https.any.js	04067ce9c7c2165e71ad7d0dde10a4c5cb394a83	fd59ba464db0305de210fc2935d739b2469ec4ae	4	gated	gated-initial-inventory	2026-08-19-m0-wpt-case-inventory.tsv
service-workers/cache-storage/cache-storage-keys.https.any.js	04067ce9c7c2165e71ad7d0dde10a4c5cb394a83	f19522be1b437d619b356b5b0290679a8f391866	4	gated	gated-initial-inventory	2026-08-19-m0-wpt-case-inventory.tsv
service-workers/cache-storage/cache-storage-match.https.any.js	04067ce9c7c2165e71ad7d0dde10a4c5cb394a83	0c31b726294b14b1b849ecbeb369d23a59d126d8	4	gated	gated-initial-inventory	2026-08-19-m0-wpt-case-inventory.tsv
service-workers/cache-storage/cache-storage.https.any.js	04067ce9c7c2165e71ad7d0dde10a4c5cb394a83	b7d5af7b532036351ab842de451002ca36f7b4af	4	gated	gated-initial-inventory	2026-08-19-m0-wpt-case-inventory.tsv
service-workers/cache-storage/common.https.window.js	04067ce9c7c2165e71ad7d0dde10a4c5cb394a83	eba312c273de149ae9007d69bb4796b147e03841	1	gated	gated-initial-inventory	2026-08-19-m0-wpt-case-inventory.tsv
service-workers/cache-storage/credentials.https.html	04067ce9c7c2165e71ad7d0dde10a4c5cb394a83	0fe4a0a0ac0de1097a3ba35689df5396eaa613ec	1	gated	gated-initial-inventory	2026-08-19-m0-wpt-case-inventory.tsv
service-workers/cache-storage/cross-partition.https.tentative.html	04067ce9c7c2165e71ad7d0dde10a4c5cb394a83	1cfc2569088e94530b193e24e5c0415883a76330	1	gated	gated-initial-inventory	2026-08-19-m0-wpt-case-inventory.tsv
service-workers/cache-storage/sandboxed-iframes.https.html	04067ce9c7c2165e71ad7d0dde10a4c5cb394a83	098fa89daf446f57da6313c865e53a0a67983059	1	gated	gated-initial-inventory	2026-08-19-m0-wpt-case-inventory.tsv
service-workers/idlharness.https.any.js	04067ce9c7c2165e71ad7d0dde10a4c5cb394a83	8db5d4d10ff7b90f990d77394dac2dddbd2aa45f	4	defer	defer-mixed-idlharness	2026-08-19-idlharness-review.md
service-workers/service-worker/Service-Worker-Allowed-header.https.html	04067ce9c7c2165e71ad7d0dde10a4c5cb394a83	6f44bb17e7da958a195e8602aa5aef9c135a80b3	1	gated	gated-server-header-cross-origin	2026-08-19-m1-final-review.tsv
service-workers/service-worker/ServiceWorkerGlobalScope/close.https.html	04067ce9c7c2165e71ad7d0dde10a4c5cb394a83	3e3cc8b2b08973baf3293c0a533c85489f352b68	1	defer	defer-advanced	2026-08-19-m1-next-wave-review.tsv
service-workers/service-worker/ServiceWorkerGlobalScope/error-message-event.https.html	04067ce9c7c2165e71ad7d0dde10a4c5cb394a83	0a35cc7c39cf134be117deb239a1e5450fdf1a4f	1	gated	gated-initial-inventory	2026-08-19-m0-wpt-case-inventory.tsv
service-workers/service-worker/ServiceWorkerGlobalScope/extendable-message-event-constructor.https.html	04067ce9c7c2165e71ad7d0dde10a4c5cb394a83	525245fe9ece73fde6e2408e76927bbfcd1b04cf	1	gated	gated-initial-inventory	2026-08-19-m0-wpt-case-inventory.tsv
service-workers/service-worker/ServiceWorkerGlobalScope/extendable-message-event.https.html	04067ce9c7c2165e71ad7d0dde10a4c5cb394a83	89efd7a4a615c1a3ef35b045690fa40b67fb5393	1	gated	gated-initial-inventory	2026-08-19-m0-wpt-case-inventory.tsv
service-workers/service-worker/ServiceWorkerGlobalScope/fetch-on-the-right-interface.https.any.js	04067ce9c7c2165e71ad7d0dde10a4c5cb394a83	5ca5f65680c9754c8f2ed8361f6c94bc13e65a0d	1	gated	gated-initial-inventory	2026-08-19-m0-wpt-case-inventory.tsv
service-workers/service-worker/ServiceWorkerGlobalScope/isSecureContext.https.html	04067ce9c7c2165e71ad7d0dde10a4c5cb394a83	399820dd2c313b5023f63ea7846cc1f39fcbb1d6	1	defer	defer-worker-harness	2026-08-19-m1-iframe-review.tsv
service-workers/service-worker/ServiceWorkerGlobalScope/message-event-ports.https.html	04067ce9c7c2165e71ad7d0dde10a4c5cb394a83	a0eac39e9b35886bc378a7c25b2ae8d33b23fce1	1	gated	gated-initial-inventory	2026-08-19-m0-wpt-case-inventory.tsv
service-workers/service-worker/ServiceWorkerGlobalScope/postmessage.https.html	04067ce9c7c2165e71ad7d0dde10a4c5cb394a83	99dedebf2e56c744528fd168c05b4fe734563c57	1	gated	gated-initial-inventory	2026-08-19-m0-wpt-case-inventory.tsv
service-workers/service-worker/ServiceWorkerGlobalScope/registration-attribute.https.html	04067ce9c7c2165e71ad7d0dde10a4c5cb394a83	aa3c74a13bb2b1623696579b371486a40706dcf1	1	gated	gated-fetch-update	2026-08-19-m1-message-review.tsv
service-workers/service-worker/ServiceWorkerGlobalScope/service-worker-error-event.https.html	04067ce9c7c2165e71ad7d0dde10a4c5cb394a83	988f5466b9e16ffe716297b9ba569e668ff8f8a3	1	defer	defer-advanced	2026-08-19-m1-next-wave-review.tsv
service-workers/service-worker/ServiceWorkerGlobalScope/unregister.https.html	04067ce9c7c2165e71ad7d0dde10a4c5cb394a83	1a124d727687ecfc62bb1443bed2313312762997	1	defer	defer-worker-unregister-controller	2026-08-19-m1-message-review.tsv
service-workers/service-worker/ServiceWorkerGlobalScope/update.https.html	04067ce9c7c2165e71ad7d0dde10a4c5cb394a83	a7dde2233972cb3c1b8250f3b0a184413cd7c5a5	1	gated	gated-dynamic-fetch-update	2026-08-19-m1-final-review.tsv
service-workers/service-worker/about-blank-replacement.https.html	04067ce9c7c2165e71ad7d0dde10a4c5cb394a83	b6efe3ec5620d1c83deb305f2c1ebe008a6a23e2	1	skip	skip-multi-context-clients	2026-08-19-final-remaining-review.tsv
service-workers/service-worker/activate-event-after-install-state-change.https.html	04067ce9c7c2165e71ad7d0dde10a4c5cb394a83	016a52c13c82ebbfb36d48830446b79b4e72f13e	1	core	keep-first	2026-08-19-m0-m1-candidate-resource-closure.tsv
service-workers/service-worker/activation-after-registration.https.html	04067ce9c7c2165e71ad7d0dde10a4c5cb394a83	29f97e3e3f4c0cda2321776cbf48fed92d1c90a1	1	core	keep-first	2026-08-19-m0-m1-candidate-resource-closure.tsv
service-workers/service-worker/activation.https.html	04067ce9c7c2165e71ad7d0dde10a4c5cb394a83	278454d3383e3d71a3925663dfcfc3444eddff83	1	gated	gated-dynamic-controller	2026-08-19-m1-final-review.tsv
service-workers/service-worker/active.https.html	04067ce9c7c2165e71ad7d0dde10a4c5cb394a83	350a34b802f70d6b6c78e6fdba9b2acabe7d143c	1	defer	defer-controller-state	2026-08-19-final-remaining-review.tsv
service-workers/service-worker/add-routes.https.html	04067ce9c7c2165e71ad7d0dde10a4c5cb394a83	fbab7cdedfa388d8dbd47e1887beb2a02fd18721	1	skip	skip-static-routing-lifecycle	2026-08-19-static-routing-review.tsv
service-workers/service-worker/claim-affect-other-registration.https.html	04067ce9c7c2165e71ad7d0dde10a4c5cb394a83	52555ac271b5bad279ab37352c9d9937c780909a	1	gated	gated-initial-inventory	2026-08-19-m0-wpt-case-inventory.tsv
service-workers/service-worker/claim-fetch.https.html	04067ce9c7c2165e71ad7d0dde10a4c5cb394a83	ae0082df06bf794d02990a7c0b7213e0d81114cb	1	gated	gated-initial-inventory	2026-08-19-m0-wpt-case-inventory.tsv
service-workers/service-worker/claim-not-using-registration.https.html	04067ce9c7c2165e71ad7d0dde10a4c5cb394a83	fd61d05ba4ea8a1c416eb6d4b1128f7b65b4b35c	1	gated	gated-initial-inventory	2026-08-19-m0-wpt-case-inventory.tsv
service-workers/service-worker/claim-shared-worker-fetch.https.html	04067ce9c7c2165e71ad7d0dde10a4c5cb394a83	f5f44886baa2bff3bc7b7e013a856a6d90ceb26c	1	gated	gated-initial-inventory	2026-08-19-m0-wpt-case-inventory.tsv
service-workers/service-worker/claim-using-registration.https.html	04067ce9c7c2165e71ad7d0dde10a4c5cb394a83	a02f8e9ca6f1ea7b4df36870b7ca46c3b5b5fab2	1	gated	gated-initial-inventory	2026-08-19-m0-wpt-case-inventory.tsv
service-workers/service-worker/claim-with-redirect.https.html	04067ce9c7c2165e71ad7d0dde10a4c5cb394a83	fd89cb9b00a1f0a39c0f7a9103fab2a10ff22526	1	gated	gated-initial-inventory	2026-08-19-m0-wpt-case-inventory.tsv
service-workers/service-worker/claim-worker-fetch.https.html	04067ce9c7c2165e71ad7d0dde10a4c5cb394a83	7cb26c742b97d3d768e01ec09adb1ceeca99dc86	1	gated	gated-initial-inventory	2026-08-19-m0-wpt-case-inventory.tsv
service-workers/service-worker/client-id.https.html	04067ce9c7c2165e71ad7d0dde10a4c5cb394a83	b93b34189999fe37d89d27fba1d4400994b276cb	1	gated	gated-initial-inventory	2026-08-19-m0-wpt-case-inventory.tsv
service-workers/service-worker/client-navigate.https.html	04067ce9c7c2165e71ad7d0dde10a4c5cb394a83	f40a08635cfd1e0345a64228ccab82302439f7dd	1	gated	gated-initial-inventory	2026-08-19-m0-wpt-case-inventory.tsv
service-workers/service-worker/client-url-creation-url.https.html	04067ce9c7c2165e71ad7d0dde10a4c5cb394a83	ba597d893d34591167310f452fd414b827498b62	1	gated	gated-initial-inventory	2026-08-19-m0-wpt-case-inventory.tsv
service-workers/service-worker/client-url-of-blob-url-worker.https.html	04067ce9c7c2165e71ad7d0dde10a4c5cb394a83	97a2fcf98f290c290b3489b81c9187922e3e711b	1	gated	gated-initial-inventory	2026-08-19-m0-wpt-case-inventory.tsv
service-workers/service-worker/clients-get-client-types.https.html	04067ce9c7c2165e71ad7d0dde10a4c5cb394a83	63e3e51b3202de927d89833b31035792369aec39	1	gated	gated-initial-inventory	2026-08-19-m0-wpt-case-inventory.tsv
service-workers/service-worker/clients-get-cross-origin.https.html	04067ce9c7c2165e71ad7d0dde10a4c5cb394a83	1e4acfb286c6bcf2375fc762f9d60ea2d9f1cdc4	1	gated	gated-initial-inventory	2026-08-19-m0-wpt-case-inventory.tsv
service-workers/service-worker/clients-get-resultingClientId.https.html	04067ce9c7c2165e71ad7d0dde10a4c5cb394a83	3419cf14b523db41af70c7896d4aaa497441fb9b	1	gated	gated-initial-inventory	2026-08-19-m0-wpt-case-inventory.tsv
service-workers/service-worker/clients-get.https.html	04067ce9c7c2165e71ad7d0dde10a4c5cb394a83	4cfbf595cadeeea5fc8a5089127c5687ec174f53	1	gated	gated-initial-inventory	2026-08-19-m0-wpt-case-inventory.tsv
service-workers/service-worker/clients-matchall-blob-url-worker.https.html	04067ce9c7c2165e71ad7d0dde10a4c5cb394a83	c29bac8b894a2c50828ae3469d3e181d227fe7ac	1	gated	gated-initial-inventory	2026-08-19-m0-wpt-case-inventory.tsv
service-workers/service-worker/clients-matchall-client-types.https.html	04067ce9c7c2165e71ad7d0dde10a4c5cb394a83	54f182b6202cd67cc63e159e7e2d4294fdf975ff	1	gated	gated-initial-inventory	2026-08-19-m0-wpt-case-inventory.tsv
service-workers/service-worker/clients-matchall-exact-controller.https.html	04067ce9c7c2165e71ad7d0dde10a4c5cb394a83	a61c8af70196ac230c4b7085862e1bff8433fe38	1	gated	gated-initial-inventory	2026-08-19-m0-wpt-case-inventory.tsv
service-workers/service-worker/clients-matchall-frozen.https.html	04067ce9c7c2165e71ad7d0dde10a4c5cb394a83	479c28a60f2e4a2e32ea765a7480301360c34505	1	gated	gated-initial-inventory	2026-08-19-m0-wpt-case-inventory.tsv
service-workers/service-worker/clients-matchall-include-uncontrolled.https.html	04067ce9c7c2165e71ad7d0dde10a4c5cb394a83	9f34e5709eb3cb607dcd1b91ec80b51c3706dca6	1	gated	gated-initial-inventory	2026-08-19-m0-wpt-case-inventory.tsv
service-workers/service-worker/clients-matchall-on-evaluation.https.html	04067ce9c7c2165e71ad7d0dde10a4c5cb394a83	8705f85b56840976e5bedf3ea780efb8830747f5	1	gated	gated-initial-inventory	2026-08-19-m0-wpt-case-inventory.tsv
service-workers/service-worker/clients-matchall-order.https.html	04067ce9c7c2165e71ad7d0dde10a4c5cb394a83	ec650f2264df530bd34b11737c4b1d9ed87f4b56	1	gated	gated-initial-inventory	2026-08-19-m0-wpt-case-inventory.tsv
service-workers/service-worker/clients-matchall.https.html	04067ce9c7c2165e71ad7d0dde10a4c5cb394a83	ce44f1924d54952afe442b19bd0b46c5f92951d5	1	gated	gated-initial-inventory	2026-08-19-m0-wpt-case-inventory.tsv
service-workers/service-worker/controlled-dedicatedworker-postMessage.https.html	04067ce9c7c2165e71ad7d0dde10a4c5cb394a83	5ef91dd1b11c0c263f8489e3d3b74cb608b702d8	1	gated	gated-initial-inventory	2026-08-19-m0-wpt-case-inventory.tsv
service-workers/service-worker/controlled-iframe-postMessage.https.html	04067ce9c7c2165e71ad7d0dde10a4c5cb394a83	c3f390a5a455298139134d22f7a55b06318cbfd5	1	gated	gated-initial-inventory	2026-08-19-m0-wpt-case-inventory.tsv
service-workers/service-worker/controller-on-disconnect.https.html	04067ce9c7c2165e71ad7d0dde10a4c5cb394a83	f23dfe71bac505f1cc396bcab191dbee7a6461f4	1	defer	defer-controller-context	2026-08-19-final-remaining-review.tsv
service-workers/service-worker/controller-on-load.https.html	04067ce9c7c2165e71ad7d0dde10a4c5cb394a83	e4c5e5f81f8139e1c788f068f716cdbb367fb83e	1	defer	defer-controller-context	2026-08-19-final-remaining-review.tsv
service-workers/service-worker/controller-on-reload.https.html	04067ce9c7c2165e71ad7d0dde10a4c5cb394a83	2e966d425788c0a02b1bb25a4c045089fede5ce7	1	defer	defer-controller-context	2026-08-19-final-remaining-review.tsv
service-workers/service-worker/controller-with-no-fetch-event-handler.https.html	04067ce9c7c2165e71ad7d0dde10a4c5cb394a83	d947139c9e213a51e8810aacb3bb40a08cfdc937	1	gated	gated-initial-inventory	2026-08-19-m0-wpt-case-inventory.tsv
service-workers/service-worker/credentials.https.html	04067ce9c7c2165e71ad7d0dde10a4c5cb394a83	0a90dc2897c27323682a6e16bfd6aaa5370855e0	1	gated	gated-script-credentials-update	2026-08-19-request-response-review.tsv
service-workers/service-worker/css-sw-same-origin-substitution.https.html	04067ce9c7c2165e71ad7d0dde10a4c5cb394a83	3a79c07f95c257c58ca834ebefe915a063aeb795	1	defer	defer-fetch-css-substitution	2026-08-19-final-remaining-review.tsv
service-workers/service-worker/data-iframe.html	04067ce9c7c2165e71ad7d0dde10a4c5cb394a83	d767d574345bf7058d58381d94e5dabffd1fca9e	1	skip	skip-data-url-context	2026-08-19-final-remaining-review.tsv
service-workers/service-worker/data-transfer-files.https.html	04067ce9c7c2165e71ad7d0dde10a4c5cb394a83	c503a28f965b296b346de237aee77b46414bb7cd	1	skip	skip-form-file-platform	2026-08-19-request-response-review.tsv
service-workers/service-worker/dedicated-worker-service-worker-interception.https.html	04067ce9c7c2165e71ad7d0dde10a4c5cb394a83	2144f4827121b4902d8c56a61df823f04ee8801d	1	skip	skip-dedicated-worker-interception	2026-08-19-worker-global-import-review.tsv
service-workers/service-worker/detached-context.https.html	04067ce9c7c2165e71ad7d0dde10a4c5cb394a83	ce8e4cc8400c6a457c968a9d1250fde829369ed3	1	defer	defer-detached-context	2026-08-19-final-remaining-review.tsv
service-workers/service-worker/embed-and-object-are-not-intercepted.https.html	04067ce9c7c2165e71ad7d0dde10a4c5cb394a83	581dbeca9772268ab85a2b50d8f7f45cf61e781f	1	skip	skip-embed-object-platform	2026-08-19-final-remaining-review.tsv
service-workers/service-worker/extendable-event-async-waituntil.https.html	04067ce9c7c2165e71ad7d0dde10a4c5cb394a83	04e98266b4f1a0b6ec572e1c317ab852fc2e4480	1	defer	defer-extendable-event-lifetime	2026-08-19-final-remaining-review.tsv
service-workers/service-worker/extendable-event-waituntil.https.html	04067ce9c7c2165e71ad7d0dde10a4c5cb394a83	33b4eac5c185e911023094f210ce4db9b6dddadb	1	defer	defer-extendable-event-lifetime	2026-08-19-final-remaining-review.tsv
service-workers/service-worker/fetch-audio-tainting.https.html	04067ce9c7c2165e71ad7d0dde10a4c5cb394a83	9821759bc7b311672a54387edc7d8c26a11d5e54	1	gated	gated-initial-inventory	2026-08-19-m0-wpt-case-inventory.tsv
service-workers/service-worker/fetch-canvas-tainting-double-write.https.html	04067ce9c7c2165e71ad7d0dde10a4c5cb394a83	dab2153baa6f462bdafa68b555cc198ccce09398	1	gated	gated-initial-inventory	2026-08-19-m0-wpt-case-inventory.tsv
service-workers/service-worker/fetch-canvas-tainting-image-cache.https.html	04067ce9c7c2165e71ad7d0dde10a4c5cb394a83	213238112257923657fe84a637ddd45cc0c038c5	1	gated	gated-initial-inventory	2026-08-19-m0-wpt-case-inventory.tsv
service-workers/service-worker/fetch-canvas-tainting-image.https.html	04067ce9c7c2165e71ad7d0dde10a4c5cb394a83	57dc7d98caa2f486cbe2dee05c8f430ad560f9e3	1	gated	gated-initial-inventory	2026-08-19-m0-wpt-case-inventory.tsv
service-workers/service-worker/fetch-canvas-tainting-video-cache.https.html	04067ce9c7c2165e71ad7d0dde10a4c5cb394a83	c37e8e562448793d7da4f4722893ca7bbe19f3ac	1	gated	gated-initial-inventory	2026-08-19-m0-wpt-case-inventory.tsv
service-workers/service-worker/fetch-canvas-tainting-video-with-range-request.https.html	04067ce9c7c2165e71ad7d0dde10a4c5cb394a83	0ee41e96f2989fe1dcba4bfb2d449432c175b5da	1	gated	gated-initial-inventory	2026-08-19-m0-wpt-case-inventory.tsv
service-workers/service-worker/fetch-canvas-tainting-video.https.html	04067ce9c7c2165e71ad7d0dde10a4c5cb394a83	e8c23a2edd63c55a77ea8484fafae2b3c52d15a0	1	gated	gated-initial-inventory	2026-08-19-m0-wpt-case-inventory.tsv
service-workers/service-worker/fetch-cors-exposed-header-names.https.html	04067ce9c7c2165e71ad7d0dde10a4c5cb394a83	317b02175f2f15d467d3336cd48ca0fc21b473cc	1	gated	gated-initial-inventory	2026-08-19-m0-wpt-case-inventory.tsv
service-workers/service-worker/fetch-cors-xhr.https.html	04067ce9c7c2165e71ad7d0dde10a4c5cb394a83	f8ff445673bd42bafcc29c43eb86967dac1f9792	1	gated	gated-initial-inventory	2026-08-19-m0-wpt-case-inventory.tsv
service-workers/service-worker/fetch-csp.https.html	04067ce9c7c2165e71ad7d0dde10a4c5cb394a83	9e7b242b69aaaebcdf064fb019831828e8ba1f87	1	gated	gated-initial-inventory	2026-08-19-m0-wpt-case-inventory.tsv
service-workers/service-worker/fetch-error.https.html	04067ce9c7c2165e71ad7d0dde10a4c5cb394a83	e9fdf57431203e308f3bf9839d40bdf2b53f4918	1	gated	gated-initial-inventory	2026-08-19-m0-wpt-case-inventory.tsv
service-workers/service-worker/fetch-event-add-async.https.html	04067ce9c7c2165e71ad7d0dde10a4c5cb394a83	ac13e4f41675c22669862751b9209835d7210231	1	gated	gated-initial-inventory	2026-08-19-m0-wpt-case-inventory.tsv
service-workers/service-worker/fetch-event-after-navigation-within-page.https.html	04067ce9c7c2165e71ad7d0dde10a4c5cb394a83	4812d8a91551edae84b5e2805804fc9d8899f3e9	1	gated	gated-initial-inventory	2026-08-19-m0-wpt-case-inventory.tsv
service-workers/service-worker/fetch-event-async-respond-with.https.html	04067ce9c7c2165e71ad7d0dde10a4c5cb394a83	d9147f85494c21e54d39a4fd7af16efa1a126384	1	gated	gated-initial-inventory	2026-08-19-m0-wpt-case-inventory.tsv
service-workers/service-worker/fetch-event-handled.https.html	04067ce9c7c2165e71ad7d0dde10a4c5cb394a83	08b88ce3773d036cf1ea3a9f321f87b26d54fffd	1	gated	gated-initial-inventory	2026-08-19-m0-wpt-case-inventory.tsv
service-workers/service-worker/fetch-event-network-error.https.html	04067ce9c7c2165e71ad7d0dde10a4c5cb394a83	fea2ad1e3c26effcc9fd7c8d7a66917e420606b4	1	gated	gated-initial-inventory	2026-08-19-m0-wpt-case-inventory.tsv
service-workers/service-worker/fetch-event-redirect.https.html	04067ce9c7c2165e71ad7d0dde10a4c5cb394a83	522928475702bf41a425a94595839ae8e38a8c70	1	gated	gated-initial-inventory	2026-08-19-m0-wpt-case-inventory.tsv
service-workers/service-worker/fetch-event-referrer-policy.https.html	04067ce9c7c2165e71ad7d0dde10a4c5cb394a83	af4b20a9a4a7b766509944b59db332fe70e8cf78	1	gated	gated-initial-inventory	2026-08-19-m0-wpt-case-inventory.tsv
service-workers/service-worker/fetch-event-respond-with-argument.https.html	04067ce9c7c2165e71ad7d0dde10a4c5cb394a83	05e22105243f710273f56e21502659ad1781e28c	1	gated	gated-initial-inventory	2026-08-19-m0-wpt-case-inventory.tsv
service-workers/service-worker/fetch-event-respond-with-body-loaded-in-chunk.https.html	04067ce9c7c2165e71ad7d0dde10a4c5cb394a83	932f9030c51ce6e09d4dba08f0dab19dec6e8b15	1	gated	gated-initial-inventory	2026-08-19-m0-wpt-case-inventory.tsv
service-workers/service-worker/fetch-event-respond-with-custom-response.https.html	04067ce9c7c2165e71ad7d0dde10a4c5cb394a83	645a29c9b4f146b8c4024650c358c8325663cbac	1	gated	gated-initial-inventory	2026-08-19-m0-wpt-case-inventory.tsv
service-workers/service-worker/fetch-event-respond-with-partial-stream.https.html	04067ce9c7c2165e71ad7d0dde10a4c5cb394a83	505cef2972683c84f0e0927d582da3861f6f88f0	1	gated	gated-initial-inventory	2026-08-19-m0-wpt-case-inventory.tsv
service-workers/service-worker/fetch-event-respond-with-readable-stream-chunk.https.html	04067ce9c7c2165e71ad7d0dde10a4c5cb394a83	4544a9e08f562c9787153470c0cbd6a9ad6f4dea	1	gated	gated-initial-inventory	2026-08-19-m0-wpt-case-inventory.tsv
service-workers/service-worker/fetch-event-respond-with-readable-stream.https.html	04067ce9c7c2165e71ad7d0dde10a4c5cb394a83	4651258e6ab2cec042d673ba7cca4b5454653e48	1	gated	gated-initial-inventory	2026-08-19-m0-wpt-case-inventory.tsv
service-workers/service-worker/fetch-event-respond-with-response-body-with-invalid-chunk.https.html	04067ce9c7c2165e71ad7d0dde10a4c5cb394a83	2a44811461a649c6ead9460c4a5a911bbd8e608b	1	gated	gated-initial-inventory	2026-08-19-m0-wpt-case-inventory.tsv
service-workers/service-worker/fetch-event-respond-with-stops-propagation.https.html	04067ce9c7c2165e71ad7d0dde10a4c5cb394a83	31fd616b6d6f509b7dcb6b56f45e9c2e12e9b8e6	1	gated	gated-initial-inventory	2026-08-19-m0-wpt-case-inventory.tsv
service-workers/service-worker/fetch-event-throws-after-respond-with.https.html	04067ce9c7c2165e71ad7d0dde10a4c5cb394a83	d98fb22ff423271dd84460200ebdb60573ed6371	1	gated	gated-initial-inventory	2026-08-19-m0-wpt-case-inventory.tsv
service-workers/service-worker/fetch-event-within-sw.https.html	04067ce9c7c2165e71ad7d0dde10a4c5cb394a83	0b52b18305faa1e36ea6873ed534913adb6e5c75	1	gated	gated-initial-inventory	2026-08-19-m0-wpt-case-inventory.tsv
service-workers/service-worker/fetch-event.https.h2.html	04067ce9c7c2165e71ad7d0dde10a4c5cb394a83	5cd381ec98dbee28586f4da68f3656706b81b03a	1	gated	gated-initial-inventory	2026-08-19-m0-wpt-case-inventory.tsv
service-workers/service-worker/fetch-event.https.html	04067ce9c7c2165e71ad7d0dde10a4c5cb394a83	2edb5b0e032a05ec507fda660483631676f0873f	1	gated	gated-initial-inventory	2026-08-19-m0-wpt-case-inventory.tsv
service-workers/service-worker/fetch-frame-resource.https.html	04067ce9c7c2165e71ad7d0dde10a4c5cb394a83	0d8e38d8b84c88e0327191a9972ea46f205fa909	1	gated	gated-initial-inventory	2026-08-19-m0-wpt-case-inventory.tsv
service-workers/service-worker/fetch-header-visibility.https.html	04067ce9c7c2165e71ad7d0dde10a4c5cb394a83	1f4813c4f8e6d93a024b433db4cb45499b68425f	1	gated	gated-initial-inventory	2026-08-19-m0-wpt-case-inventory.tsv
service-workers/service-worker/fetch-mixed-content-to-inscope.https.html	04067ce9c7c2165e71ad7d0dde10a4c5cb394a83	0e8fa93b32c0701163544e354520a947a34c0a85	1	gated	gated-initial-inventory	2026-08-19-m0-wpt-case-inventory.tsv
service-workers/service-worker/fetch-mixed-content-to-outscope.https.html	04067ce9c7c2165e71ad7d0dde10a4c5cb394a83	391dc5d2c19ade20e864ab3b276be05a535d2d85	1	gated	gated-initial-inventory	2026-08-19-m0-wpt-case-inventory.tsv
service-workers/service-worker/fetch-request-body-cancel.https.html	04067ce9c7c2165e71ad7d0dde10a4c5cb394a83	f06633c784424d425fcddd1cd8608002bd99776d	1	gated	gated-initial-inventory	2026-08-19-m0-wpt-case-inventory.tsv
service-workers/service-worker/fetch-request-css-base-url.https.html	04067ce9c7c2165e71ad7d0dde10a4c5cb394a83	467a66cee464e687238c25da2fb17cb01501fb0d	1	gated	gated-initial-inventory	2026-08-19-m0-wpt-case-inventory.tsv
service-workers/service-worker/fetch-request-css-cross-origin.https.html	04067ce9c7c2165e71ad7d0dde10a4c5cb394a83	d9c1c7f5df2c64f190235af53f83139d09ff0680	1	gated	gated-initial-inventory	2026-08-19-m0-wpt-case-inventory.tsv
service-workers/service-worker/fetch-request-css-images.https.html	04067ce9c7c2165e71ad7d0dde10a4c5cb394a83	586dea26135fc535bf812d86c9854541daabbc39	1	gated	gated-initial-inventory	2026-08-19-m0-wpt-case-inventory.tsv
service-workers/service-worker/fetch-request-fallback.https.html	04067ce9c7c2165e71ad7d0dde10a4c5cb394a83	a29f31d127bc7b7ce160cb7147d90db310d55d68	1	gated	gated-initial-inventory	2026-08-19-m0-wpt-case-inventory.tsv
service-workers/service-worker/fetch-request-no-freshness-headers.https.html	04067ce9c7c2165e71ad7d0dde10a4c5cb394a83	03b7d357610a904ed264b691054b6025f7fa2414	1	gated	gated-initial-inventory	2026-08-19-m0-wpt-case-inventory.tsv
service-workers/service-worker/fetch-request-redirect.https.html	04067ce9c7c2165e71ad7d0dde10a4c5cb394a83	5ce015b421fcaf73777926b6cb1f1a2aa0a1d30f	1	gated	gated-initial-inventory	2026-08-19-m0-wpt-case-inventory.tsv
service-workers/service-worker/fetch-request-resources.https.html	04067ce9c7c2165e71ad7d0dde10a4c5cb394a83	9524e6d4749b250f8e40e22306101bec8ceee406	1	gated	gated-initial-inventory	2026-08-19-m0-wpt-case-inventory.tsv
service-workers/service-worker/fetch-request-xhr-sync-error.https.window.js	04067ce9c7c2165e71ad7d0dde10a4c5cb394a83	e6c0213928669d21089982730c0334cde8c20f6a	1	gated	gated-initial-inventory	2026-08-19-m0-wpt-case-inventory.tsv
service-workers/service-worker/fetch-request-xhr-sync-on-worker.https.html	04067ce9c7c2165e71ad7d0dde10a4c5cb394a83	9f18096aa29bb4635cfeaf0eb9fc39cff5bcc243	1	gated	gated-initial-inventory	2026-08-19-m0-wpt-case-inventory.tsv
service-workers/service-worker/fetch-request-xhr-sync.https.html	04067ce9c7c2165e71ad7d0dde10a4c5cb394a83	ec27fb898343e70ab24486983212ef6b5744cf16	1	gated	gated-initial-inventory	2026-08-19-m0-wpt-case-inventory.tsv
service-workers/service-worker/fetch-request-xhr.https.html	04067ce9c7c2165e71ad7d0dde10a4c5cb394a83	37a457393b059774ba2e55e0330d520b2211183c	1	gated	gated-initial-inventory	2026-08-19-m0-wpt-case-inventory.tsv
service-workers/service-worker/fetch-response-taint.https.html	04067ce9c7c2165e71ad7d0dde10a4c5cb394a83	8e190f48506cc3f804fe107423756f45c7a17b43	1	gated	gated-initial-inventory	2026-08-19-m0-wpt-case-inventory.tsv
service-workers/service-worker/fetch-response-xhr.https.html	04067ce9c7c2165e71ad7d0dde10a4c5cb394a83	891eb029422b7bf1cd575270cfa4616bb80da0bc	1	gated	gated-initial-inventory	2026-08-19-m0-wpt-case-inventory.tsv
service-workers/service-worker/fetch-waits-for-activate.https.html	04067ce9c7c2165e71ad7d0dde10a4c5cb394a83	7c888450f0d5f5fc72ec38909487877f38a1c024	1	gated	gated-initial-inventory	2026-08-19-m0-wpt-case-inventory.tsv
service-workers/service-worker/fetch-with-body.https.html	04067ce9c7c2165e71ad7d0dde10a4c5cb394a83	21ded3f3272566e5a31fea08c2358bed1438bd29	1	gated	gated-initial-inventory	2026-08-19-m0-wpt-case-inventory.tsv
service-workers/service-worker/getregistration.https.html	04067ce9c7c2165e71ad7d0dde10a4c5cb394a83	634c2efa12461a811d8e46345ece0298086f64b2	1	defer	defer-single-iframe	2026-08-19-m1-iframe-review.tsv
service-workers/service-worker/getregistrations.https.html	04067ce9c7c2165e71ad7d0dde10a4c5cb394a83	3a9b9a23317b2bb1370689b553a49c28de4cf8f8	1	skip	skip-mixed-cross-origin-clients	2026-08-19-m1-message-review.tsv
service-workers/service-worker/global-serviceworker.https.any.js	04067ce9c7c2165e71ad7d0dde10a4c5cb394a83	19d77847c426180e04ac51e507c1714c1309a193	1	defer	defer-worker-global-lifecycle	2026-08-19-worker-global-import-review.tsv
service-workers/service-worker/historical.https.any.js	04067ce9c7c2165e71ad7d0dde10a4c5cb394a83	20b3ddfbf7b883026b70692cf0f907dc93f5ad2b	1	defer	defer-fetch-interface	2026-08-19-worker-global-import-review.tsv
service-workers/service-worker/http-to-https-redirect-and-register.https.html	04067ce9c7c2165e71ad7d0dde10a4c5cb394a83	5626237dcccbf279029ca072b8a0bc9e845fbb1c	1	skip	skip-cross-origin-popup-redirect	2026-08-19-m1-final-review.tsv
service-workers/service-worker/immutable-prototype-serviceworker.https.html	04067ce9c7c2165e71ad7d0dde10a4c5cb394a83	e63f6b348a861345101670b9c3d87aaa4977b0c4	1	defer	defer-worker-global-prototype	2026-08-19-final-remaining-review.tsv
service-workers/service-worker/import-scripts-cross-origin.https.html	04067ce9c7c2165e71ad7d0dde10a4c5cb394a83	773708a9fbce32a6b17f22d88b9fb6ebc3553710	1	core	next-wave-cross-origin-importScripts-core	2026-08-19-worker-global-import-review.tsv
service-workers/service-worker/import-scripts-data-url.https.html	04067ce9c7c2165e71ad7d0dde10a4c5cb394a83	f0922193dd0112b72881d05a97aafc67c5bdc3d5	1	core	next-wave-static-core	2026-08-19-worker-global-import-review.tsv
service-workers/service-worker/import-scripts-mime-types.https.html	04067ce9c7c2165e71ad7d0dde10a4c5cb394a83	1679831d0f2b98aee22898d820373e80079fbe00	1	core	next-wave-dynamic-mime-importScripts-core	2026-08-19-worker-global-import-review.tsv
service-workers/service-worker/import-scripts-redirect.https.html	04067ce9c7c2165e71ad7d0dde10a4c5cb394a83	07ea49439eba8f9762b2bc17b5ae2346d9d15397	1	core	next-wave-dynamic-redirect-importScripts-core	2026-08-19-worker-global-import-review.tsv
service-workers/service-worker/import-scripts-resource-map.https.html	04067ce9c7c2165e71ad7d0dde10a4c5cb394a83	4742bd01268360477bf6061f8505fe9a3b7cadb7	1	core	next-wave-dynamic-resource-map-core	2026-08-19-worker-global-import-review.tsv
service-workers/service-worker/import-scripts-updated-flag.https.html	04067ce9c7c2165e71ad7d0dde10a4c5cb394a83	09b4496aa0ec1d28b9e101a6ba8a41a31b654540	1	core	next-wave-event-importScripts-core	2026-08-19-m1-next-wave-review.tsv
service-workers/service-worker/indexeddb.https.html	04067ce9c7c2165e71ad7d0dde10a4c5cb394a83	be9be4968f7b2d0cbc1f18f88b06b7acb6ad096f	1	defer	defer-worker-indexeddb	2026-08-19-final-remaining-review.tsv
service-workers/service-worker/install-event-type.https.html	04067ce9c7c2165e71ad7d0dde10a4c5cb394a83	7e74af85c3aee401f99add7a2a0209ddbe700f86	1	defer	defer-after-core	2026-08-19-m0-m1-candidate-resource-closure.tsv
service-workers/service-worker/installing.https.html	04067ce9c7c2165e71ad7d0dde10a4c5cb394a83	0f257b6aba4f3d65802e7d7f8a7503d6c6aedd42	1	defer	defer-single-iframe	2026-08-19-m1-iframe-review.tsv
service-workers/service-worker/intercepted-referrer.https.html	04067ce9c7c2165e71ad7d0dde10a4c5cb394a83	72d789451390f4c90c77b8c6d7203fa814542747	1	defer	defer-navigation-core	2026-08-19-navigation-review.tsv
service-workers/service-worker/interface-requirements-sw.https.html	04067ce9c7c2165e71ad7d0dde10a4c5cb394a83	eef868c889f04d257055d9f08ce22832b6cc34fd	1	defer	defer-worker-interface	2026-08-19-worker-global-import-review.tsv
service-workers/service-worker/invalid-blobtype.https.html	04067ce9c7c2165e71ad7d0dde10a4c5cb394a83	1c5920fb039101b18fc3c39e53f7cbb9b5e1ebfc	1	defer	defer-fetch-response-validation	2026-08-19-request-response-review.tsv
service-workers/service-worker/invalid-header.https.html	04067ce9c7c2165e71ad7d0dde10a4c5cb394a83	1bc976979046c127ad3d2f4282ce297e997b903d	1	defer	defer-fetch-response-validation	2026-08-19-request-response-review.tsv
service-workers/service-worker/iso-latin1-header.https.html	04067ce9c7c2165e71ad7d0dde10a4c5cb394a83	c27a5f48a5b9e9384a5c9129d0288761b0df9cd7	1	defer	defer-fetch-response-validation	2026-08-19-request-response-review.tsv
service-workers/service-worker/local-url-inherit-controller.https.html	04067ce9c7c2165e71ad7d0dde10a4c5cb394a83	867e1b006d658ffad99b914f16b179b220700d2f	1	skip	skip-local-url-worker-clients	2026-08-19-final-remaining-review.tsv
service-workers/service-worker/mime-sniffing.https.html	04067ce9c7c2165e71ad7d0dde10a4c5cb394a83	8175bcdf87790b3560bd5e5a49f4da94b1175a04	1	gated	gated-mime-sniffing	2026-08-19-final-remaining-review.tsv
service-workers/service-worker/multi-globals/url-parsing.https.html	04067ce9c7c2165e71ad7d0dde10a4c5cb394a83	b9dfe3634353382e85dd0f7be4ea5b69c8083e08	1	defer	defer-multi-global-url-parsing	2026-08-19-final-remaining-review.tsv
service-workers/service-worker/multipart-image.https.html	04067ce9c7c2165e71ad7d0dde10a4c5cb394a83	00c20d25f90ac38c33ba57ced62d82798481dd42	1	skip	skip-media-multipart	2026-08-19-final-remaining-review.tsv
service-workers/service-worker/multiple-register.https.html	04067ce9c7c2165e71ad7d0dde10a4c5cb394a83	752e132fc13accb94f58e3e824c64fe72c7d4222	1	gated	gated-dynamic-iframe	2026-08-19-m1-final-review.tsv
service-workers/service-worker/multiple-update.https.html	04067ce9c7c2165e71ad7d0dde10a4c5cb394a83	6a83f73a054f8a50284ae9b55bba9cde4d74c108	1	gated	gated-dynamic-update	2026-08-19-m1-final-review.tsv
service-workers/service-worker/navigate-window.https.html	04067ce9c7c2165e71ad7d0dde10a4c5cb394a83	46d32a48a0ad9d98b3bc882b59e8924e45ee9ebc	1	skip	skip-multi-window-clients	2026-08-19-navigation-review.tsv
service-workers/service-worker/navigation-headers.https.html	04067ce9c7c2165e71ad7d0dde10a4c5cb394a83	a4b52035e221c268c74a045050f28771d0c8b9f5	1	gated	gated-navigation-header-server	2026-08-19-navigation-review.tsv
service-workers/service-worker/navigation-preload/broken-chunked-encoding.https.html	04067ce9c7c2165e71ad7d0dde10a4c5cb394a83	ec74282ac330a34b68d3e0824128ecd6703ed43d	1	gated	gated-initial-inventory	2026-08-19-m0-wpt-case-inventory.tsv
service-workers/service-worker/navigation-preload/chunked-encoding.https.html	04067ce9c7c2165e71ad7d0dde10a4c5cb394a83	830ce32cea5a01d5dc9814352b41f12c52956413	1	gated	gated-initial-inventory	2026-08-19-m0-wpt-case-inventory.tsv
service-workers/service-worker/navigation-preload/content-encoding.https.html	04067ce9c7c2165e71ad7d0dde10a4c5cb394a83	d6135d95c8800598b08b848a499ce3ef2299cc9a	1	gated	gated-initial-inventory	2026-08-19-m0-wpt-case-inventory.tsv
service-workers/service-worker/navigation-preload/empty-preload-response-body.https.html	04067ce9c7c2165e71ad7d0dde10a4c5cb394a83	7e8aacdd36a58cdd88d2f1e70fec69c580526f00	1	gated	gated-initial-inventory	2026-08-19-m0-wpt-case-inventory.tsv
service-workers/service-worker/navigation-preload/get-state.https.html	04067ce9c7c2165e71ad7d0dde10a4c5cb394a83	08e2f4976c5995b93599dba4883d46d3b2fd7066	1	gated	gated-initial-inventory	2026-08-19-m0-wpt-case-inventory.tsv
service-workers/service-worker/navigation-preload/navigationPreload.https.html	04067ce9c7c2165e71ad7d0dde10a4c5cb394a83	392e5c14dc8c7ca7d40df4396a102f379e1d55ad	1	gated	gated-initial-inventory	2026-08-19-m0-wpt-case-inventory.tsv
service-workers/service-worker/navigation-preload/redirect.https.html	04067ce9c7c2165e71ad7d0dde10a4c5cb394a83	5970f053e36996f4cad93aec104c55f53055465a	1	gated	gated-initial-inventory	2026-08-19-m0-wpt-case-inventory.tsv
service-workers/service-worker/navigation-preload/request-headers.https.html	04067ce9c7c2165e71ad7d0dde10a4c5cb394a83	09642010218ada72da946f8fdcf1c713f7367936	1	gated	gated-initial-inventory	2026-08-19-m0-wpt-case-inventory.tsv
service-workers/service-worker/navigation-preload/resource-timing.https.html	04067ce9c7c2165e71ad7d0dde10a4c5cb394a83	468a1f51e8573e13a91a55b1c747f4acbe11ce37	1	gated	gated-initial-inventory	2026-08-19-m0-wpt-case-inventory.tsv
service-workers/service-worker/navigation-preload/samesite-cookies.https.html	04067ce9c7c2165e71ad7d0dde10a4c5cb394a83	a860d9545662138570ef59808c465b33b7261b48	1	gated	gated-initial-inventory	2026-08-19-m0-wpt-case-inventory.tsv
service-workers/service-worker/navigation-preload/samesite-iframe.https.html	04067ce9c7c2165e71ad7d0dde10a4c5cb394a83	633da9926a8cd26210bc8171b31c94653a46ebdd	1	gated	gated-initial-inventory	2026-08-19-m0-wpt-case-inventory.tsv
service-workers/service-worker/navigation-redirect-body.https.html	04067ce9c7c2165e71ad7d0dde10a4c5cb394a83	0441c610b17978941efb832e4af202bcc4ff955b	1	gated	gated-navigation-post-redirect	2026-08-19-navigation-review.tsv
service-workers/service-worker/navigation-redirect-resolution.https.html	04067ce9c7c2165e71ad7d0dde10a4c5cb394a83	59e1cafec3484a87fbe1f4ba31cdb2e7d3fb960d	1	gated	gated-navigation-redirect-resolution	2026-08-19-navigation-review.tsv
service-workers/service-worker/navigation-redirect-to-http.https.html	04067ce9c7c2165e71ad7d0dde10a4c5cb394a83	d4d2788c5891a1fbc3f38f448c40cacb44a980f2	1	gated	gated-cross-scheme-opaqueredirect	2026-08-19-navigation-review.tsv
service-workers/service-worker/navigation-redirect.https.html	04067ce9c7c2165e71ad7d0dde10a4c5cb394a83	a87de56931638d0939e406aa95146699e5a63603	2	skip	skip-multi-origin-redirect-clients	2026-08-19-navigation-review.tsv
service-workers/service-worker/navigation-sets-cookie.https.html	04067ce9c7c2165e71ad7d0dde10a4c5cb394a83	7f6c756f557241fb2e2a56c0bcff8b05d0ff1e4c	1	skip	skip-cookie-multi-window	2026-08-19-navigation-review.tsv
service-workers/service-worker/navigation-timing-extended.https.html	04067ce9c7c2165e71ad7d0dde10a4c5cb394a83	acb02c6fe1f56ae9cf4d61516fdbf05306050914	1	defer	defer-navigation-timing	2026-08-19-navigation-review.tsv
service-workers/service-worker/navigation-timing-sizes.https.html	04067ce9c7c2165e71ad7d0dde10a4c5cb394a83	e726a31f17060f7c37ad07d15c1de4ab88bf4c44	1	gated	gated-navigation-timing-sizes	2026-08-19-navigation-review.tsv
service-workers/service-worker/navigation-timing.https.html	04067ce9c7c2165e71ad7d0dde10a4c5cb394a83	75cab40458c6d362caa34315388ad762fbb7d2e9	1	gated	gated-navigation-timing-redirect	2026-08-19-navigation-review.tsv
service-workers/service-worker/nested-blob-url-workers.https.html	04067ce9c7c2165e71ad7d0dde10a4c5cb394a83	7269cbb701fabc2faa746f6ed47fba8fa9d423c8	1	skip	skip-nested-worker-clients	2026-08-19-final-remaining-review.tsv
service-workers/service-worker/next-hop-protocol.https.html	04067ce9c7c2165e71ad7d0dde10a4c5cb394a83	0805db9e24dbb91669176e91eb3e69a37abbf2ab	1	gated	gated-network-protocol-timing	2026-08-19-request-response-review.tsv
service-workers/service-worker/no-dynamic-import-in-module.any.js	04067ce9c7c2165e71ad7d0dde10a4c5cb394a83	f7c2ef37b8b938df9b8ccae12511dfbe58d8e694	1	defer	defer-module-worker-dynamic-import	2026-08-19-worker-global-import-review.tsv
service-workers/service-worker/no-dynamic-import.any.js	04067ce9c7c2165e71ad7d0dde10a4c5cb394a83	25b370b7094bf8f92cc347693c9ac5a1fa664845	1	defer	defer-worker-dynamic-import	2026-08-19-worker-global-import-review.tsv
service-workers/service-worker/onactivate-script-error.https.html	04067ce9c7c2165e71ad7d0dde10a4c5cb394a83	f5e80bb9a456bc57f2a821e1fd69114e6ae8638a	1	defer	defer-after-core	2026-08-19-m0-m1-candidate-resource-closure.tsv
service-workers/service-worker/oninstall-script-error.https.html	04067ce9c7c2165e71ad7d0dde10a4c5cb394a83	fe7f6e901206e07b611496a191a8023516aa4b84	1	defer	defer-after-core	2026-08-19-m0-m1-candidate-resource-closure.tsv
service-workers/service-worker/opaque-response-preloaded.https.html	04067ce9c7c2165e71ad7d0dde10a4c5cb394a83	417aa4ebec8380ec778bbe42f3ee8fb45649292f	1	gated	gated-opaque-preload-cache	2026-08-19-request-response-review.tsv
service-workers/service-worker/opaque-script.https.html	04067ce9c7c2165e71ad7d0dde10a4c5cb394a83	7d2121855dfa17649b81fd96aad03d93e85be22b	1	gated	gated-cross-origin-opaque-script	2026-08-19-final-remaining-review.tsv
service-workers/service-worker/partitioned-claim.tentative.https.html	04067ce9c7c2165e71ad7d0dde10a4c5cb394a83	1f42c528e0b38f11b156f77f144daec6513c1fed	1	gated	gated-initial-inventory	2026-08-19-m0-wpt-case-inventory.tsv
service-workers/service-worker/partitioned-cookies.tentative.https.html	04067ce9c7c2165e71ad7d0dde10a4c5cb394a83	7a8bd3f5cf85ee94418fefe2840e3cd4a27dab9d	1	skip	skip-partitioned-storage	2026-08-19-final-remaining-review.tsv
service-workers/service-worker/partitioned-getRegistrations.tentative.https.html	04067ce9c7c2165e71ad7d0dde10a4c5cb394a83	7c4d4f1e028b3966afdcfef10c060aefee54e344	1	skip	skip-partitioned-multi-context	2026-08-19-m1-final-review.tsv
service-workers/service-worker/partitioned-matchAll.tentative.https.html	04067ce9c7c2165e71ad7d0dde10a4c5cb394a83	46beec819c8ea91892706969af827ef6ed8b1a93	1	skip	skip-partitioned-storage	2026-08-19-final-remaining-review.tsv
service-workers/service-worker/partitioned.tentative.https.html	04067ce9c7c2165e71ad7d0dde10a4c5cb394a83	17a375f9c7320291e64178695cfce8c21fae1773	1	skip	skip-partitioned-storage	2026-08-19-final-remaining-review.tsv
service-workers/service-worker/performance-timeline.https.html	04067ce9c7c2165e71ad7d0dde10a4c5cb394a83	e56e6fe416ff215341ba9b6df088f111f9645623	1	defer	defer-worker-performance-timeline	2026-08-19-request-response-review.tsv
service-workers/service-worker/postmessage-blob-url.https.html	04067ce9c7c2165e71ad7d0dde10a4c5cb394a83	16fddd57b835240112b1a0b2b2c03835e7695e1c	1	gated	gated-initial-inventory	2026-08-19-m0-wpt-case-inventory.tsv
service-workers/service-worker/postmessage-from-waiting-serviceworker.https.html	04067ce9c7c2165e71ad7d0dde10a4c5cb394a83	117def9eb2a6c132d4d3f44b1cb07adcb9eeef60	1	gated	gated-initial-inventory	2026-08-19-m0-wpt-case-inventory.tsv
service-workers/service-worker/postmessage-msgport-to-client.https.html	04067ce9c7c2165e71ad7d0dde10a4c5cb394a83	29c056080c79d581975e0929dcebd84d63b86a20	1	gated	gated-initial-inventory	2026-08-19-m0-wpt-case-inventory.tsv
service-workers/service-worker/postmessage-to-client-message-queue.https.html	04067ce9c7c2165e71ad7d0dde10a4c5cb394a83	83e5f4540d1411e2a215ebe59d2037f369c48616	1	gated	gated-initial-inventory	2026-08-19-m0-wpt-case-inventory.tsv
service-workers/service-worker/postmessage-to-client.https.html	04067ce9c7c2165e71ad7d0dde10a4c5cb394a83	f834a4bffe20c69cbd57ae4c6bf922083d3554d6	1	gated	gated-initial-inventory	2026-08-19-m0-wpt-case-inventory.tsv
service-workers/service-worker/postmessage.https.html	04067ce9c7c2165e71ad7d0dde10a4c5cb394a83	7abb3022f91a8daa5bf0f98fa0d4793780f4844c	1	gated	gated-initial-inventory	2026-08-19-m0-wpt-case-inventory.tsv
service-workers/service-worker/ready.https.window.js	04067ce9c7c2165e71ad7d0dde10a4c5cb394a83	6c4e270682c256996c2d665a35ede28d39d6594b	1	defer	defer-controller-ready	2026-08-19-m1-iframe-review.tsv
service-workers/service-worker/redirected-response.https.html	04067ce9c7c2165e71ad7d0dde10a4c5cb394a83	71b35d0e12050623d650ca822c780037d8258422	1	gated	gated-redirected-response-cache	2026-08-19-navigation-review.tsv
service-workers/service-worker/referer.https.html	04067ce9c7c2165e71ad7d0dde10a4c5cb394a83	0957e4c5330168b08236ff7c431706a1d92cc1a4	1	gated	gated-referrer-header-echo	2026-08-19-navigation-review.tsv
service-workers/service-worker/referrer-policy-header.https.html	04067ce9c7c2165e71ad7d0dde10a4c5cb394a83	784343e6d8f1fc864af9145539d3f3f2f0d3b261	1	gated	gated-referrer-policy-header	2026-08-19-navigation-review.tsv
service-workers/service-worker/referrer-toplevel-script-fetch.https.html	04067ce9c7c2165e71ad7d0dde10a4c5cb394a83	65c60a11db20aabce766b4b414a35cb3ddffd466	1	gated	gated-script-fetch-referrer	2026-08-19-navigation-review.tsv
service-workers/service-worker/register-closed-window.https.html	04067ce9c7c2165e71ad7d0dde10a4c5cb394a83	9c1b639bb757d02949746d3fa584db8bbf286066	1	skip	skip-closed-window-popup	2026-08-19-m1-final-review.tsv
service-workers/service-worker/register-default-scope.https.html	04067ce9c7c2165e71ad7d0dde10a4c5cb394a83	1d86548eb5eeb5754ca111dd4c55843202216b2d	1	core	keep-first	2026-08-19-m0-m1-candidate-resource-closure.tsv
service-workers/service-worker/register-same-scope-different-script-url.https.html	04067ce9c7c2165e71ad7d0dde10a4c5cb394a83	6eb00f3071a26ed3f55ac90ca32c1b377aec23e1	1	skip	skip-mixed-multi-client-update	2026-08-19-m1-iframe-review.tsv
service-workers/service-worker/register-wait-forever-in-install-worker.https.html	04067ce9c7c2165e71ad7d0dde10a4c5cb394a83	0920b5cb223d50e31d044a9323f55c1e77b18857	1	defer	defer-advanced	2026-08-19-m1-next-wave-review.tsv
service-workers/service-worker/registration-basic.https.html	04067ce9c7c2165e71ad7d0dde10a4c5cb394a83	759b4244a269b8c364e6d0d7eb49c42f0ba9a180	1	core	keep-first	2026-08-19-m0-m1-candidate-resource-closure.tsv
service-workers/service-worker/registration-end-to-end.https.html	04067ce9c7c2165e71ad7d0dde10a4c5cb394a83	1af4582d387412f47d82a94b2fe7050a5994644a	1	defer	defer-message-lifecycle	2026-08-19-m1-message-review.tsv
service-workers/service-worker/registration-events.https.html	04067ce9c7c2165e71ad7d0dde10a4c5cb394a83	5bcfd66846bce5b93bf09d05b65c2e352b51ffab	1	defer	defer-message-lifecycle	2026-08-19-m1-message-review.tsv
service-workers/service-worker/registration-iframe.https.html	04067ce9c7c2165e71ad7d0dde10a4c5cb394a83	ae39ddfea3e5186bdea4c6a1a5d9f0c7e6cbc212	1	defer	defer-single-iframe	2026-08-19-m1-iframe-review.tsv
service-workers/service-worker/registration-mime-types.https.html	04067ce9c7c2165e71ad7d0dde10a4c5cb394a83	3a21aac5c75c20c210d3fdde2a14ed063a0c8b27	1	gated	gated-dynamic-server	2026-08-19-m1-next-wave-review.tsv
service-workers/service-worker/registration-schedule-job.https.html	04067ce9c7c2165e71ad7d0dde10a4c5cb394a83	25d758ee8f0e26459218c7359faf7d3866b313cf	1	defer	defer-advanced	2026-08-19-m1-next-wave-review.tsv
service-workers/service-worker/registration-scope-module-static-import.https.html	04067ce9c7c2165e71ad7d0dde10a4c5cb394a83	5c75295aed1cd94c1349dc25010801534bd98644	1	core	next-wave-module-core	2026-08-19-m1-next-wave-review.tsv
service-workers/service-worker/registration-scope.https.html	04067ce9c7c2165e71ad7d0dde10a4c5cb394a83	141875f5847c399f5dbf35431a558ad885428cbc	1	core	keep-first	2026-08-19-m0-m1-candidate-resource-closure.tsv
service-workers/service-worker/registration-script-module.https.html	04067ce9c7c2165e71ad7d0dde10a4c5cb394a83	9e39a1f75b27de492d5eb3842aaa254d2f662687	1	core	next-wave-module-registration-core	2026-08-19-m1-next-wave-review.tsv
service-workers/service-worker/registration-script-url.https.html	04067ce9c7c2165e71ad7d0dde10a4c5cb394a83	bda61adb00271ffe78b3e38e055427eb203313d5	1	core	keep-first	2026-08-19-m0-m1-candidate-resource-closure.tsv
service-workers/service-worker/registration-script.https.html	04067ce9c7c2165e71ad7d0dde10a4c5cb394a83	f1e51fd265e21271537769343e0e3e05032e76b7	1	gated	remove-first	2026-08-19-m0-m1-candidate-resource-closure.tsv
service-workers/service-worker/registration-security-error.https.html	04067ce9c7c2165e71ad7d0dde10a4c5cb394a83	860c2d22ea935cd3af17f11e1f0a7b966e6fa4e7	1	gated	gated-dynamic-server	2026-08-19-m1-next-wave-review.tsv
service-workers/service-worker/registration-service-worker-attributes.https.html	04067ce9c7c2165e71ad7d0dde10a4c5cb394a83	f7b52d5ddced18613ca225386bb57f28b9bacd62	1	core	keep-first	2026-08-19-m0-m1-candidate-resource-closure.tsv
service-workers/service-worker/registration-updateviacache.https.html	04067ce9c7c2165e71ad7d0dde10a4c5cb394a83	b2f6bbc6f849c7e8051f1aedc9f476c47d5a39a4	1	core	next-wave-update-via-cache-core	2026-08-19-m1-final-review.tsv
service-workers/service-worker/rejections.https.html	04067ce9c7c2165e71ad7d0dde10a4c5cb394a83	8002ad9a81b962756cd7b9921e0cfe974c808340	1	core	keep-first	2026-08-19-m0-m1-candidate-resource-closure.tsv
service-workers/service-worker/request-end-to-end.https.html	04067ce9c7c2165e71ad7d0dde10a4c5cb394a83	82475eabc4ab49467955310786f7a405b277bb94	1	defer	defer-fetch-request-projection	2026-08-19-request-response-review.tsv
service-workers/service-worker/resource-timing-bodySize.https.html	04067ce9c7c2165e71ad7d0dde10a4c5cb394a83	5c2b1eba8c811c83a65446ba4ea1da29508df42c	1	gated	gated-resource-timing-body-size	2026-08-19-request-response-review.tsv
service-workers/service-worker/resource-timing-cross-origin-server-timing.https.html	04067ce9c7c2165e71ad7d0dde10a4c5cb394a83	0b53b5d35cf3650091b39846979b9186c212c00b	1	gated	gated-server-timing-filter	2026-08-19-request-response-review.tsv
service-workers/service-worker/resource-timing-cross-origin.https.html	04067ce9c7c2165e71ad7d0dde10a4c5cb394a83	9184a5933a8ae4d056e9e4bff455f01eafdcc7c6	1	gated	gated-cross-origin-resource-timing	2026-08-19-request-response-review.tsv
service-workers/service-worker/resource-timing-fetch-variants.https.html	04067ce9c7c2165e71ad7d0dde10a4c5cb394a83	8d4f0be01a8aad03af9de54441550d9e84d976a0	1	gated	gated-resource-timing-fetch-variants	2026-08-19-request-response-review.tsv
service-workers/service-worker/resource-timing.sub.https.html	04067ce9c7c2165e71ad7d0dde10a4c5cb394a83	e8328f3597ba25e34f02b9dd6cca1ed491cc9bbb	1	gated	gated-resource-timing-mixed	2026-08-19-request-response-review.tsv
service-workers/service-worker/respond-with-body-accessed-response.https.html	04067ce9c7c2165e71ad7d0dde10a4c5cb394a83	f6713d89216ec0a8e5cfc6f4cbb326f0bd6e672e	1	gated	gated-response-body-cache-cross-origin	2026-08-19-request-response-review.tsv
service-workers/service-worker/same-site-cookies.https.html	04067ce9c7c2165e71ad7d0dde10a4c5cb394a83	1d9b60d4470194abe40abc3b49e377afa7a41dde	1	skip	skip-cookie-multi-context	2026-08-19-final-remaining-review.tsv
service-workers/service-worker/sandboxed-iframe-fetch-event.https.html	04067ce9c7c2165e71ad7d0dde10a4c5cb394a83	ba34e790ff07c8ba35d89d50df7b010e6c529e35	1	gated	gated-initial-inventory	2026-08-19-m0-wpt-case-inventory.tsv
service-workers/service-worker/sandboxed-iframe-navigator-serviceworker.https.html	04067ce9c7c2165e71ad7d0dde10a4c5cb394a83	70be6ef9b0a956707384030b1be17b702663976f	1	gated	gated-sandbox-context	2026-08-19-final-remaining-review.tsv
service-workers/service-worker/secure-context.https.html	04067ce9c7c2165e71ad7d0dde10a4c5cb394a83	666a5d378760b54fd0f4fa86f9db7a05e2be5b5a	1	gated	gated-secure-context	2026-08-19-final-remaining-review.tsv
service-workers/service-worker/service-worker-csp-connect.https.html	04067ce9c7c2165e71ad7d0dde10a4c5cb394a83	226f4a40e4e9ab40bbeeac4e874208af3106d2da	1	gated	gated-service-worker-csp	2026-08-19-final-remaining-review.tsv
service-workers/service-worker/service-worker-csp-default.https.html	04067ce9c7c2165e71ad7d0dde10a4c5cb394a83	1d4e7624d861bc1ce1fde706409cfad160978c41	1	gated	gated-service-worker-csp	2026-08-19-final-remaining-review.tsv
service-workers/service-worker/service-worker-csp-script.https.html	04067ce9c7c2165e71ad7d0dde10a4c5cb394a83	14c2eb72bdc49c4e13fa2d9da4a47be785b072f2	1	gated	gated-service-worker-csp	2026-08-19-final-remaining-review.tsv
service-workers/service-worker/service-worker-header.https.html	04067ce9c7c2165e71ad7d0dde10a4c5cb394a83	fb902cd1b455d130c899cf06bf05c32184d2b543	1	gated	gated-service-worker-request-header	2026-08-19-final-remaining-review.tsv
service-workers/service-worker/serviceworker-message-event-historical.https.html	04067ce9c7c2165e71ad7d0dde10a4c5cb394a83	fac8f2076fb64870550236dd27470902cdbe040c	1	gated	gated-initial-inventory	2026-08-19-m0-wpt-case-inventory.tsv
service-workers/service-worker/serviceworkerobject-scripturl.https.html	04067ce9c7c2165e71ad7d0dde10a4c5cb394a83	6004985a34608132825086dab0c0777f3f0fdf1e	1	core	next-wave-static-core	2026-08-19-worker-global-import-review.tsv
service-workers/service-worker/skip-waiting-installed.https.html	04067ce9c7c2165e71ad7d0dde10a4c5cb394a83	b604f651b3c1deb38d891c77394a8f175a19c34e	1	defer	defer-controller-skipwaiting	2026-08-19-m1-message-review.tsv
service-workers/service-worker/skip-waiting-using-registration.https.html	04067ce9c7c2165e71ad7d0dde10a4c5cb394a83	412ee2a4438e2328f69337893465c4a66c671ce6	1	defer	defer-controller-ready	2026-08-19-m1-iframe-review.tsv
service-workers/service-worker/skip-waiting-without-client.https.html	04067ce9c7c2165e71ad7d0dde10a4c5cb394a83	62060a82472ff4426f543e91036115cd13a4329a	1	gated	gated-initial-inventory	2026-08-19-m0-wpt-case-inventory.tsv
service-workers/service-worker/skip-waiting-without-using-registration.https.html	04067ce9c7c2165e71ad7d0dde10a4c5cb394a83	ced64e5f67fb667e5c233055ad920dbda0336336	1	defer	defer-controller-ready	2026-08-19-m1-iframe-review.tsv
service-workers/service-worker/skip-waiting.https.html	04067ce9c7c2165e71ad7d0dde10a4c5cb394a83	f8392fc955b46cdd9f1deb5a7319b8f3f35d91dd	1	defer	defer-controller-skipwaiting	2026-08-19-final-remaining-review.tsv
service-workers/service-worker/soft-update-fetch-metadata.https.html	04067ce9c7c2165e71ad7d0dde10a4c5cb394a83	45bf61701c38ab523a7462b81e8f66a368079123	1	gated	gated-server-request-metadata	2026-08-19-m1-final-review.tsv
service-workers/service-worker/srcdoc-iframe.https.html	04067ce9c7c2165e71ad7d0dde10a4c5cb394a83	9c1c88e15a8ed0bc9d7232bbe347e7bf53b3ab8e	1	defer	defer-srcdoc-controller	2026-08-19-final-remaining-review.tsv
service-workers/service-worker/state.https.html	04067ce9c7c2165e71ad7d0dde10a4c5cb394a83	7358e58ff14a74e04514eb9432151576cf62b905	1	core	next-wave-core	2026-08-19-m1-next-wave-review.tsv
service-workers/service-worker/static-router-cross-origin-navigation.https.html	04067ce9c7c2165e71ad7d0dde10a4c5cb394a83	0413bccfbd8e93a38d27d786e4f87a8206a5d711	1	skip	skip-static-routing-cross-origin-cache	2026-08-19-static-routing-review.tsv
service-workers/service-worker/static-router-fetch-event.https.html	04067ce9c7c2165e71ad7d0dde10a4c5cb394a83	167e3af00909ec26d41ac89eac989e7ffbd824ee	1	gated	gated-initial-inventory	2026-08-19-m0-wpt-case-inventory.tsv
service-workers/service-worker/static-router-invalid-rules.https.html	04067ce9c7c2165e71ad7d0dde10a4c5cb394a83	958d74374d8c1bb2ade47fe1bf85f7fc39d1706f	1	skip	skip-static-routing-validation	2026-08-19-static-routing-review.tsv
service-workers/service-worker/static-router-main-resource.https.html	04067ce9c7c2165e71ad7d0dde10a4c5cb394a83	71bc0697f9c08c84873a2e651d748dc01000b870	1	skip	skip-static-routing-main-resource	2026-08-19-static-routing-review.tsv
service-workers/service-worker/static-router-multiple-router-registrations.https.html	04067ce9c7c2165e71ad7d0dde10a4c5cb394a83	dd7ff1e4e9ddd36227605e497246299f91b07f12	1	skip	skip-static-router-cache	2026-08-19-m1-final-review.tsv
service-workers/service-worker/static-router-mutiple-conditions.https.html	04067ce9c7c2165e71ad7d0dde10a4c5cb394a83	3d69411843c2b74b73e7a30fd45f320a995b82eb	1	skip	skip-static-routing-multi-condition	2026-08-19-static-routing-review.tsv
service-workers/service-worker/static-router-no-fetch-handler.https.html	04067ce9c7c2165e71ad7d0dde10a4c5cb394a83	4dbbbe69c7dfe9e1ce68f6e94de0d6cf8a432611	1	skip	skip-static-routing-no-fetch	2026-08-19-static-routing-review.tsv
service-workers/service-worker/static-router-race-network-and-fetch-handler.https.html	04067ce9c7c2165e71ad7d0dde10a4c5cb394a83	6bc2fff1d874fff4fcf73811048ddf12287169ec	1	skip	skip-static-routing-race	2026-08-19-static-routing-review.tsv
service-workers/service-worker/static-router-request-destination.https.html	04067ce9c7c2165e71ad7d0dde10a4c5cb394a83	55ad6da31aad1058d9707bd63867142a80a9743c	1	skip	skip-static-routing-destination	2026-08-19-static-routing-review.tsv
service-workers/service-worker/static-router-request-method.https.html	04067ce9c7c2165e71ad7d0dde10a4c5cb394a83	8e219532a3e653ce88ed083079f44b41a91fa08d	1	skip	skip-static-routing-method	2026-08-19-static-routing-review.tsv
service-workers/service-worker/static-router-subresource.https.html	04067ce9c7c2165e71ad7d0dde10a4c5cb394a83	ab05a3d25282473d5425d9086ef76a132fa2c5da	1	skip	skip-static-routing-subresource	2026-08-19-static-routing-review.tsv
service-workers/service-worker/synced-state.https.html	04067ce9c7c2165e71ad7d0dde10a4c5cb394a83	0e9f63a9a2e528e7ffb8f9913edffc8e0294ad98	1	core	next-wave-core	2026-08-19-m1-next-wave-review.tsv
service-workers/service-worker/tentative/fetch-event-download-fallback.https.html	04067ce9c7c2165e71ad7d0dde10a4c5cb394a83	34a1674d5cf70a3a228096d5df6f7643b834c626	1	gated	gated-initial-inventory	2026-08-19-m0-wpt-case-inventory.tsv
service-workers/service-worker/tentative/fetch-event-download-out-of-scope.https.html	04067ce9c7c2165e71ad7d0dde10a4c5cb394a83	3a71d85259a00989f9ce8a4344cdac8feb21f7bc	1	gated	gated-initial-inventory	2026-08-19-m0-wpt-case-inventory.tsv
service-workers/service-worker/tentative/fetch-event-download-respond-with.https.html	04067ce9c7c2165e71ad7d0dde10a4c5cb394a83	11c97c5bb05d79c093295268da649fa117da612b	1	gated	gated-initial-inventory	2026-08-19-m0-wpt-case-inventory.tsv
service-workers/service-worker/tentative/fetch-event-download.https.html	04067ce9c7c2165e71ad7d0dde10a4c5cb394a83	21cd28003e6902abfdc75cb26b4f699e1539f4f6	1	gated	gated-initial-inventory	2026-08-19-m0-wpt-case-inventory.tsv
service-workers/service-worker/tentative/static-router/static-router-resource-timing.https.html	04067ce9c7c2165e71ad7d0dde10a4c5cb394a83	5046c9a4e7c25fcb098d52640f05e90d712d72a0	1	skip	skip-static-routing-performance	2026-08-19-static-routing-review.tsv
service-workers/service-worker/uncontrolled-page.https.html	04067ce9c7c2165e71ad7d0dde10a4c5cb394a83	e22ca8f0a91adf9fbcf64c77cd3d1d4df27956f3	1	defer	defer-fetch-uncontrolled-bypass	2026-08-19-worker-global-import-review.tsv
service-workers/service-worker/unregister-controller.https.html	04067ce9c7c2165e71ad7d0dde10a4c5cb394a83	3bf4cff7200e71a7ad157f97f60e0bca45693485	1	gated	gated-fetch-controller	2026-08-19-m1-iframe-review.tsv
service-workers/service-worker/unregister-immediately-before-installed.https.html	04067ce9c7c2165e71ad7d0dde10a4c5cb394a83	c56674c0fb1ba7eb4b2100695ade8b3fd5357dac	1	defer	defer-advanced	2026-08-19-m1-next-wave-review.tsv
service-workers/service-worker/unregister-immediately-during-extendable-events.https.html	04067ce9c7c2165e71ad7d0dde10a4c5cb394a83	6ba87a7ce80e198132b38b3878d069efe423b071	1	skip	skip-clear-site-data-fetch	2026-08-19-m1-final-review.tsv
service-workers/service-worker/unregister-immediately.https.html	04067ce9c7c2165e71ad7d0dde10a4c5cb394a83	c6a91f8e235fca71563e55164137c6417ced9670	1	skip	skip-clear-site-data-controller	2026-08-19-m1-final-review.tsv
service-workers/service-worker/unregister-then-register-new-script.https.html	04067ce9c7c2165e71ad7d0dde10a4c5cb394a83	d046423e0c29c082c22c64c865ccb38a6a40adac	1	skip	skip-mixed-multi-client-update	2026-08-19-m1-iframe-review.tsv
service-workers/service-worker/unregister-then-register.https.html	04067ce9c7c2165e71ad7d0dde10a4c5cb394a83	b61608c8419fd4f362dee5330404e2743a2f05f6	1	skip	skip-mixed-multi-client-update	2026-08-19-m1-iframe-review.tsv
service-workers/service-worker/unregister.https.html	04067ce9c7c2165e71ad7d0dde10a4c5cb394a83	492aecb21a875814e3a8fb89e64069989b9e31f5	1	core	next-wave-core	2026-08-19-m1-next-wave-review.tsv
service-workers/service-worker/update-after-navigation-fetch-event.https.html	04067ce9c7c2165e71ad7d0dde10a4c5cb394a83	ff51f7f902c7bf7c27e0996c61bb06edec6fce86	1	gated	gated-initial-inventory	2026-08-19-m0-wpt-case-inventory.tsv
service-workers/service-worker/update-after-navigation-redirect.https.html	04067ce9c7c2165e71ad7d0dde10a4c5cb394a83	6e821fe479f273f7b17fd8d91e681ecd283a933d	1	gated	gated-server-navigation-update	2026-08-19-m1-final-review.tsv
service-workers/service-worker/update-after-oneday.https.html	04067ce9c7c2165e71ad7d0dde10a4c5cb394a83	e7a8aa42d307799b157fd3994ac291d5c596bfd1	1	gated	gated-time-policy-update	2026-08-19-m1-final-review.tsv
service-workers/service-worker/update-bytecheck-cors-import.https.html	04067ce9c7c2165e71ad7d0dde10a4c5cb394a83	121a7378e358d632cee3ef56e79a19c865ea5c3d	1	core	next-wave-module-cors-core	2026-08-19-m1-final-review.tsv
service-workers/service-worker/update-bytecheck.https.html	04067ce9c7c2165e71ad7d0dde10a4c5cb394a83	3e5a28bb67cb75624a5dd98bd15e137e55c87b0f	1	core	next-wave-bytecheck-core	2026-08-19-m1-final-review.tsv
service-workers/service-worker/update-import-scripts.https.html	04067ce9c7c2165e71ad7d0dde10a4c5cb394a83	a2df529e90dfd31a75afdac093a5dd1b74d00134	1	gated	gated-server-import-update	2026-08-19-m1-final-review.tsv
service-workers/service-worker/update-missing-import-scripts.https.html	04067ce9c7c2165e71ad7d0dde10a4c5cb394a83	66e8bfac751e835af8e543fc5289697c15ac118d	1	gated	gated-server-import-update	2026-08-19-m1-final-review.tsv
service-workers/service-worker/update-module-request-mode.https.html	04067ce9c7c2165e71ad7d0dde10a4c5cb394a83	b3875d207bc252dea8e43c1b585febe6d6a10f0b	1	core	next-wave-module-request-metadata-core	2026-08-19-m1-final-review.tsv
service-workers/service-worker/update-no-cache-request-headers.https.html	04067ce9c7c2165e71ad7d0dde10a4c5cb394a83	6ebad4b7b10bcdf176c1543fd711aee31d5547b7	1	core	next-wave-module-request-metadata-core	2026-08-19-m1-final-review.tsv
service-workers/service-worker/update-not-allowed.https.html	04067ce9c7c2165e71ad7d0dde10a4c5cb394a83	0a54aa9350382bb082f407a1ea30b265575baae9	1	gated	gated-dynamic-update	2026-08-19-m1-message-review.tsv
service-workers/service-worker/update-on-navigation.https.html	04067ce9c7c2165e71ad7d0dde10a4c5cb394a83	5273420b90fc97fcd441ac057a99ee5b31c84a30	1	gated	gated-streaming-navigation-update	2026-08-19-m1-final-review.tsv
service-workers/service-worker/update-recovery.https.html	04067ce9c7c2165e71ad7d0dde10a4c5cb394a83	17608d2ef790e2ea97a43f56b86a28ef0e647604	1	gated	gated-cookie-fetch-recovery	2026-08-19-m1-final-review.tsv
service-workers/service-worker/update-registration-with-type.https.html	04067ce9c7c2165e71ad7d0dde10a4c5cb394a83	269e61b390bdb1b96c151e214f8a58109a7db3b4	1	core	next-wave-module-type-update-core	2026-08-19-m1-final-review.tsv
service-workers/service-worker/update-result.https.html	04067ce9c7c2165e71ad7d0dde10a4c5cb394a83	d8ed94f776650c8a40ba82df9ca5e909b460bb79	1	core	next-wave-update-core	2026-08-19-m1-next-wave-review.tsv
service-workers/service-worker/update.https.html	04067ce9c7c2165e71ad7d0dde10a4c5cb394a83	f9fded3db49f02de6ce13c3b1cec209dad0779bf	1	gated	gated-server-update	2026-08-19-m1-final-review.tsv
service-workers/service-worker/waiting.https.html	04067ce9c7c2165e71ad7d0dde10a4c5cb394a83	499e581eb353a2e433580e413a730bea2a9b7ad9	1	defer	defer-lifecycle-waiting	2026-08-19-final-remaining-review.tsv
service-workers/service-worker/websocket-in-service-worker.https.html	04067ce9c7c2165e71ad7d0dde10a4c5cb394a83	cda9d6fe67e233e8b36dbfe12ddec2fa054de425	1	skip	skip-websocket-platform	2026-08-19-final-remaining-review.tsv
service-workers/service-worker/websocket.https.html	04067ce9c7c2165e71ad7d0dde10a4c5cb394a83	cbfed456a9dc6bdfdbd19789912101ab1117b1ef	1	skip	skip-websocket-platform	2026-08-19-final-remaining-review.tsv
service-workers/service-worker/webvtt-cross-origin.https.html	04067ce9c7c2165e71ad7d0dde10a4c5cb394a83	9394ff75c4a5f395d287ce7c57a13522efce9aee	1	skip	skip-media-webvtt	2026-08-19-final-remaining-review.tsv
service-workers/service-worker/windowclient-ancestorOrigins.sub.https.html	04067ce9c7c2165e71ad7d0dde10a4c5cb394a83	05f8cfc5308c56544aa65a9484cbe84f560f39f1	1	gated	gated-initial-inventory	2026-08-19-m0-wpt-case-inventory.tsv
service-workers/service-worker/windowclient-navigate.https.html	04067ce9c7c2165e71ad7d0dde10a4c5cb394a83	8c1dcad5b65d514d56184ba9932a43ee0da80638	1	gated	gated-initial-inventory	2026-08-19-m0-wpt-case-inventory.tsv
service-workers/service-worker/worker-client-id.https.html	04067ce9c7c2165e71ad7d0dde10a4c5cb394a83	4e4d31660bd56add3f3559fce5e884b0c7e1f0e2	1	gated	gated-initial-inventory	2026-08-19-m0-wpt-case-inventory.tsv
service-workers/service-worker/worker-in-sandboxed-iframe-by-csp-fetch-event.https.html	04067ce9c7c2165e71ad7d0dde10a4c5cb394a83	c8480bf1be003903383404fa90ff28af668f6533	1	gated	gated-initial-inventory	2026-08-19-m0-wpt-case-inventory.tsv
service-workers/service-worker/worker-interception-redirect.https.html	04067ce9c7c2165e71ad7d0dde10a4c5cb394a83	8d566b9c15b10e1814dd73d3aecb1a6241ddec57	1	skip	skip-worker-client-interception	2026-08-19-final-remaining-review.tsv
service-workers/service-worker/worker-interception.https.html	04067ce9c7c2165e71ad7d0dde10a4c5cb394a83	27983d8352fe4fad1d85c26aee24050d0c5a2978	1	skip	skip-worker-client-interception	2026-08-19-final-remaining-review.tsv
service-workers/service-worker/xhr-content-length.https.window.js	04067ce9c7c2165e71ad7d0dde10a4c5cb394a83	1ae320e9c3c5713a2d47291d83ba7d72dc03c152	1	defer	defer-xhr-content-length	2026-08-19-request-response-review.tsv
service-workers/service-worker/xhr-response-url.https.html	04067ce9c7c2165e71ad7d0dde10a4c5cb394a83	673ca52cc67450f8b296ea50f7ac4c4fee310602	1	defer	defer-xhr-response-url	2026-08-19-request-response-review.tsv
service-workers/service-worker/xsl-base-url.https.html	04067ce9c7c2165e71ad7d0dde10a4c5cb394a83	1d3c36408a66a7785b884c9cdc39dcd2820f9af0	1	skip	skip-xslt-platform	2026-08-19-final-remaining-review.tsv
